Model ID,Hidden Size,Embedding Size,Learning Rate,Gradient Clip,Epochs,Patience,Dev PPL,Final PPL
1,400,300,1,5,100,3,152.20804297843594,144.48312925156785
2,400,300,0.8,5,100,3,155.66485561785157,146.08562524510387
